time,latitude,longitude,depth,mag,magType,nst,gap,dmin,rms,net,id,updated,place,type,horizontalError,depthError,magError,magNst,status,locationSource,magSource
2023-02-01T05:41:10.999Z,37.4221,59.9086,10,4,mb,30,88,8.921,0.98,us,us6000jknr,2023-03-02T14:35:31.040Z,"27 km ENE of Kaka, Turkmenistan",earthquake,8.04,1.94,0.197,7,reviewed,us,us
2023-02-01T10:53:21.381Z,40.1361,22.8003,15.031,4.6,mb,41,61,1.17,0.77,us,us6000jkpt,2023-02-15T06:09:54.136Z,"22 km ENE of Leptokaryá, Greece",earthquake,3.97,4.566,0.223,6,reviewed,us,us
2023-02-03T11:05:09.361Z,37.2003,36.4998,10,4.2,mb,39,137,0.568,0.64,us,us6000jl5l,2023-02-12T07:23:30.040Z,Central Turkey,earthquake,4.01,1.924,0.132,16,reviewed,us,us
2023-02-03T12:44:14.853Z,36.7689,21.6393,29.528,4.2,mb,43,185,0.469,0.58,us,us6000jl5y,2023-02-13T06:02:38.040Z,"8 km SW of Methóni, Greece",earthquake,8.15,4.144,0.137,15,reviewed,us,us
2023-02-04T02:45:45.950Z,34.3241,45.7059,10,4.7,mb,68,67,3.429,0.71,us,us6000jlbp,2023-03-08T02:55:30.040Z,"20 km SW of Sarpol-e Z?ah?b, Iran",earthquake,8.42,1.853,0.055,99,reviewed,us,us
2023-02-04T06:04:14.851Z,34.9107,14.2405,10,4.7,mb,55,101,4.085,0.51,us,us6000jlch,2023-02-15T12:58:43.824Z,central Mediterranean Sea,earthquake,4.72,1.802,0.092,36,reviewed,us,us
2023-02-06T01:17:34.332Z,37.2302,37.019,10,7.8,mww,266,17,0.163,0.67,us,us6000jllz,2023-04-02T21:36:17.473Z,"Pazarcik earthquake, Kahramanmaras earthquake sequence",earthquake,5.23,1.792,0.05,38,reviewed,us,us
2023-02-06T01:26:50.804Z,37.2244,36.9975,10,5.7,mb,97,75,0.177,1.31,us,us6000jlnn,2023-03-24T05:41:55.448Z,"24 km ENE of Nurda??, Turkey",earthquake,5.16,1.825,0.072,69,reviewed,us,us
2023-02-06T01:28:15.784Z,37.1893,36.8929,9.797,6.7,mww,194,19,0.254,0.68,us,us6000jlm1,2023-03-22T20:01:02.806Z,"14 km E of Nurda??, Turkey",earthquake,7.68,3.333,0.098,10,reviewed,us,us
2023-02-06T01:36:27.357Z,36.9921,36.6832,10,5.6,mb,167,47,0.458,0.59,us,us6000jlm9,2023-02-15T04:12:06.711Z,Turkey-Syria border region,earthquake,6.2,1.76,0.052,128,reviewed,us,us
2023-02-06T01:40:48.558Z,36.6696,36.4767,10,4.7,mb,17,227,0.772,0.51,us,us6000jnr5,2023-03-24T05:25:10.040Z,"14 km SSW of A?a?? Karafak?l?, Turkey",earthquake,4.2,1.926,0.225,6,reviewed,us,us
2023-02-06T01:41:15.211Z,37.9792,38.5117,14.252,4.6,mb,49,112,2.267,0.66,us,us6000jnvq,2023-03-24T05:22:43.040Z,"10 km SW of Sincik, Turkey",earthquake,7.61,3.691,0.119,21,reviewed,us,us
2023-02-06T01:47:43.761Z,38.6055,40.5767,11.35,4.6,mb,17,158,1.142,0.77,us,us6000jm4u,2023-03-07T04:33:59.040Z,"15 km S of Genç, Turkey",earthquake,7.05,6.644,0.207,7,reviewed,us,us
2023-02-06T01:48:12.210Z,37.9828,38.1435,10,4.9,mb,83,60,0.763,0.89,us,us6000jlmd,2023-03-08T22:06:39.040Z,"9 km WSW of Çelikhan, Turkey",earthquake,4.03,1.625,0.077,53,reviewed,us,us
2023-02-06T01:50:10.207Z,38.2407,38.7424,15.123,4.8,mb,78,85,0.801,0.68,us,us6000jns9,2023-03-19T23:01:03.040Z,"25 km NNE of Sincik, Turkey",earthquake,3,4.766,0.094,35,reviewed,us,us
2023-02-06T01:51:19.056Z,36.7205,36.6192,10,4.5,mb,41,172,0.653,0.69,us,us6000jnr6,2023-03-08T23:58:28.040Z,"8 km SE of A?a?? Karafak?l?, Turkey",earthquake,6.94,1.92,0.124,19,reviewed,us,us
2023-02-06T01:51:43.490Z,37.4756,37.1578,7.445,4.7,mb,76,77,0.306,0.84,us,us6000jm4n,2023-03-07T03:02:00.040Z,"12 km W of Pazarc?k, Turkey",earthquake,4.88,4.304,0.08,47,reviewed,us,us
2023-02-06T01:54:36.565Z,36.3603,36.1708,10,4.4,mb,26,181,1.163,1.07,us,us6000jnr7,2023-03-07T03:22:03.040Z,Turkey-Syria border region,earthquake,3.45,1.941,0.169,10,reviewed,us,us
2023-02-06T01:55:41.029Z,37.2073,36.5988,10,4.4,mb,43,109,0.423,0.7,us,us6000jnru,2023-03-07T03:39:23.040Z,"2 km ENE of Bahçe, Turkey",earthquake,5.65,1.863,0.112,23,reviewed,us,us
2023-02-06T01:56:29.834Z,37.7175,37.3615,10,4.3,mb,16,89,0.558,0.49,us,us6000jnvm,2023-03-09T00:08:23.040Z,"7 km ESE of Ça?layancerit, Turkey",earthquake,3.65,1.953,0.178,9,reviewed,us,us
2023-02-06T01:57:26.332Z,35.1453,35.3142,10,4.7,mb,53,172,2.538,0.41,us,us6000jnse,2023-03-09T04:08:13.040Z,Near the coast of Syria,earthquake,10.15,1.927,0.076,52,reviewed,us,us
2023-02-06T01:58:23.118Z,37.0302,36.6208,10,5.1,mb,120,69,0.492,0.67,us,us6000jlmf,2023-03-07T02:53:50.040Z,"12 km SSE of Hasanbeyli, Turkey",earthquake,5.06,1.841,0.06,91,reviewed,us,us
2023-02-06T02:01:18.994Z,37.7238,37.8026,16.202,4.5,mb,41,135,1.166,0.76,us,us6000jnvi,2023-03-07T02:41:49.040Z,"6 km WNW of Besni, Turkey",earthquake,6.66,5.335,0.131,17,reviewed,us,us
2023-02-06T02:01:45.687Z,37.3512,37.095,10.502,4.8,mb,77,81,0.201,0.72,us,us6000jlmy,2023-03-07T02:13:01.040Z,"23 km SW of Pazarc?k, Turkey",earthquake,5.22,4.226,0.076,53,reviewed,us,us
2023-02-06T02:03:37.341Z,37.7712,37.9141,16.929,5.3,mb,154,35,0.792,0.61,us,us6000jlmh,2023-03-07T01:47:57.043Z,"2 km S of Tut, Turkey",earthquake,4.28,3.347,0.052,122,reviewed,us,us
2023-02-06T02:06:23.457Z,37.9227,38.0613,10,5,mb,90,64,0.771,0.97,us,us6000jmn0,2023-03-19T22:59:10.040Z,"19 km NE of Tut, Turkey",earthquake,4.75,1.816,0.068,68,reviewed,us,us
2023-02-06T02:10:16.832Z,38.1562,38.5195,14.253,4.4,mb,37,65,0.753,0.65,us,us6000jnr8,2023-03-06T04:49:10.040Z,"15 km NNW of Sincik, Turkey",earthquake,3.26,5.127,0.143,14,reviewed,us,us
2023-02-06T02:11:48.911Z,37.9265,38.2237,16.711,4.1,mb,47,91,0.678,0.66,us,us6000jnr9,2023-03-06T06:31:47.040Z,"11 km S of Çelikhan, Turkey",earthquake,5.04,4.602,0.111,22,reviewed,us,us
2023-02-06T02:13:40.815Z,37.2863,36.8539,10,4.2,mb,17,89,0.306,0.46,us,us6000jnra,2023-03-07T00:13:10.040Z,"16 km NE of Nurda??, Turkey",earthquake,5.2,1.92,0.167,10,reviewed,us,us
2023-02-06T02:16:09.128Z,37.4468,37.0449,10,4.2,mb,13,129,0.304,0.4,us,us6000jmn3,2023-03-06T04:28:37.040Z,"18 km SE of Kahramanmara?, Turkey",earthquake,4.28,1.954,0.235,5,reviewed,us,us
2023-02-06T02:17:40.715Z,37.1024,36.7301,12.201,4.8,mb,86,70,0.389,0.72,us,us6000jlmm,2023-03-06T04:20:17.040Z,,earthquake,6.54,4.372,0.071,61,reviewed,us,us
2023-02-06T02:21:20.561Z,37.4358,37.0658,14.349,4.2,mb,34,83,0.287,0.7,us,us6000jmn5,2023-03-06T04:09:28.040Z,"20 km SE of Kahramanmara?, Turkey",earthquake,3.8,4.705,0.115,21,reviewed,us,us
2023-02-06T02:23:14.336Z,37.1816,36.9658,11.359,5.3,mb,195,36,0.195,0.55,us,us6000jlmn,2023-03-06T02:53:31.465Z,"20 km E of Nurda??, Turkey",earthquake,4.96,3.519,0.046,159,reviewed,us,us
2023-02-06T02:28:43.721Z,37.4292,36.9502,8.01,4.1,mb,21,146,0.086,0.57,us,us6000jnw1,2023-03-02T22:46:36.040Z,"17 km S of Kahramanmara?, Turkey",earthquake,5.34,7.776,0.235,5,reviewed,us,us
2023-02-06T02:31:26.171Z,37.4137,36.8216,12.112,4.5,mb,42,156,0.111,0.65,us,us6000jnsi,2023-03-02T22:30:12.040Z,Central Turkey,earthquake,6.24,4.994,0.113,23,reviewed,us,us
2023-02-06T02:32:08.686Z,37.5639,37.1467,17.393,4.5,mb,32,81,0.205,1,us,us6000jnw0,2023-03-02T07:06:05.040Z,"15 km WNW of Pazarc?k, Turkey",earthquake,5.8,4.065,0.124,19,reviewed,us,us
2023-02-06T02:33:28.446Z,38.1084,38.495,17.891,4.4,mb,44,83,0.715,0.54,us,us6000jnrb,2023-03-02T06:13:32.040Z,"13 km NW of Sincik, Turkey",earthquake,3.57,4.387,0.117,21,reviewed,us,us
2023-02-06T02:34:18.119Z,37.4941,37.2266,14.637,4.3,mb,41,91,0.322,0.6,us,us6000jnry,2023-03-02T06:02:30.040Z,Central Turkey,earthquake,6.91,5.929,0.111,23,reviewed,us,us
2023-02-06T02:34:51.505Z,37.0822,37.0363,10,4.7,mb,84,68,0.165,0.84,us,us6000jnsj,2023-03-02T04:41:52.040Z,,earthquake,6.44,1.839,0.073,58,reviewed,us,us
2023-02-06T02:38:44.305Z,37.8697,38.3908,10,4.2,mb,32,169,1.645,0.71,us,us6000jnrd,2023-03-02T04:40:54.040Z,"15 km NE of Ad?yaman, Turkey",earthquake,5.44,1.914,0.159,11,reviewed,us,us
2023-02-06T02:43:47.299Z,36.8497,36.3895,10,4.2,mb,27,217,0.73,0.74,us,us6000jnvz,2023-03-02T04:20:32.040Z,"12 km WNW of Hassa, Turkey",earthquake,3.68,1.328,0.159,11,reviewed,us,us
2023-02-06T02:52:14.949Z,38.5461,40.4563,12.85,4.2,mb,27,99,1.236,0.72,us,us6000jnre,2023-03-02T04:05:06.040Z,,earthquake,4.28,4.984,0.167,10,reviewed,us,us
2023-02-06T02:54:00.446Z,36.7084,36.3519,10,4.7,mb,129,55,0.828,0.59,us,us6000jlmv,2023-03-01T05:14:04.994Z,"14 km ENE of Denizciler, Turkey",earthquake,4.91,1.839,0.056,96,reviewed,us,us
2023-02-06T02:56:51.520Z,38.8297,38.8005,14.19,4.4,mb,31,112,1.771,0.56,us,us6000jnsn,2023-03-19T20:38:18.040Z,"6 km NE of Keban, Turkey",earthquake,5.99,4.488,0.143,14,reviewed,us,us
2023-02-06T03:01:14.387Z,38.1475,38.435,14.043,4.1,mb,33,68,0.769,0.75,us,us6000jnrf,2023-03-01T04:56:36.040Z,"19 km NW of Sincik, Turkey",earthquake,3.21,4.266,0.139,14,reviewed,us,us
2023-02-06T03:02:18.228Z,37.9204,37.7822,10,4.4,mb,52,91,0.875,0.62,us,us6000jnrg,2023-03-01T04:26:04.040Z,"18 km NW of Tut, Turkey",earthquake,3.38,1.875,0.095,32,reviewed,us,us
2023-02-06T03:04:45.269Z,38.1742,38.482,16.696,4.7,mb,123,33,0.78,0.64,us,us6000jln0,2023-03-01T04:42:25.040Z,"19 km NW of Sincik, Turkey",earthquake,5.4,4.053,0.06,84,reviewed,us,us
2023-02-06T03:10:20.089Z,37.7127,37.8001,16.08,4.4,mb,79,70,0.716,0.37,us,us6000jln6,2023-03-01T03:10:59.040Z,"5 km WNW of Besni, Turkey",earthquake,5.78,4.132,0.074,53,reviewed,us,us
2023-02-06T03:12:11.339Z,37.5003,37.3267,3.572,4.5,mb,79,76,0.341,0.68,us,us6000jln3,2023-03-01T02:56:47.970Z,"2 km ENE of Pazarc?k, Turkey",earthquake,5.28,4.287,0.074,53,reviewed,us,us
2023-02-06T03:16:16.646Z,38.0715,38.4951,17.34,4.3,mb,46,71,0.681,0.87,us,us6000jnsr,2023-03-01T01:31:15.040Z,"11 km WNW of Sincik, Turkey",earthquake,4.45,1.549,0.113,22,reviewed,us,us
2023-02-06T03:19:15.155Z,37.733,37.4257,10,4,mb,17,95,1.042,0.57,us,us6000jnrj,2023-03-01T01:48:54.040Z,"12 km E of Ça?layancerit, Turkey",earthquake,3.43,1.973,0.212,6,reviewed,us,us
2023-02-06T03:22:44.992Z,38.1446,38.558,12.514,4.3,mb,48,64,0.733,0.62,us,us6000jnrl,2023-03-01T03:20:06.040Z,"12 km NNW of Sincik, Turkey",earthquake,5.09,2.1,0.103,27,reviewed,us,us
2023-02-06T03:24:30.161Z,37.9268,37.8357,5.884,4.4,mb,39,92,0.903,0.71,us,us6000jnrh,2023-03-01T03:55:31.040Z,Central Turkey,earthquake,2.73,5.039,0.124,19,reviewed,us,us
2023-02-06T03:28:45.962Z,38.0773,38.5775,16.819,4.4,mb,75,36,0.664,0.8,us,us6000jln5,2023-03-01T00:27:29.040Z,"5 km NW of Sincik, Turkey",earthquake,3.88,4.236,0.082,43,reviewed,us,us
2023-02-06T03:30:00.256Z,37.0297,36.7506,10,4.2,mb,33,171,0.394,0.84,us,us6000jnri,2023-03-01T00:48:16.040Z,"15 km S of Nurda??, Turkey",earthquake,4.28,1.932,0.118,20,reviewed,us,us
2023-02-06T03:35:39.215Z,38.2368,38.5132,9.221,4.2,mb,26,61,0.831,0.77,us,us6000jns6,2023-03-01T01:08:20.040Z,"21 km SE of Malatya, Turkey",earthquake,3.04,5.921,0.186,8,reviewed,us,us
2023-02-06T03:41:28.306Z,37.2442,37.1335,15.704,4.3,mb,36,134,0.094,0.73,us,us6000jnsv,2023-02-28T06:03:59.040Z,Central Turkey,earthquake,5.35,6.288,0.129,17,reviewed,us,us
2023-02-06T03:45:48.353Z,38.1656,38.65,16.431,4.8,mb,126,42,0.736,0.53,us,us6000jln9,2023-02-28T04:17:36.999Z,,earthquake,3.91,3.729,0.056,99,reviewed,us,us
2023-02-06T03:54:00.586Z,37.7604,37.4251,14.46,4.3,mb,32,90,0.612,0.71,us,us6000jnrm,2023-02-28T04:28:11.040Z,"12 km E of Ça?layancerit, Turkey",earthquake,2.96,4.766,0.153,12,reviewed,us,us
2023-02-06T03:55:10.580Z,37.3982,36.8946,10,4.2,mb,14,160,0.338,0.7,us,us6000jnrr,2023-02-28T04:46:37.040Z,"20 km S of Kahramanmara?, Turkey",earthquake,2.7,1.995,0.199,7,reviewed,us,us
2023-02-06T03:58:19.868Z,36.6427,36.426,10,4.3,mb,36,102,0.821,0.76,us,us6000jnrn,2023-03-02T03:48:35.916Z,"17 km NNE of K?r?khan, Turkey",earthquake,3.54,1.932,0.201,7,reviewed,us,us
2023-02-06T04:04:22.647Z,37.8315,37.3919,5.017,4.4,mb,65,83,0.674,0.52,us,us6000jlnc,2023-02-28T03:45:19.040Z,Central Turkey,earthquake,4.66,4.563,0.088,37,reviewed,us,us
2023-02-06T04:05:15.992Z,37.7658,37.4588,10,4.1,mb,22,119,0.625,1.15,us,us6000jnvn,2023-02-28T03:51:50.040Z,"15 km E of Ça?layancerit, Turkey",earthquake,2.67,1.854,0.157,11,reviewed,us,us
2023-02-06T04:05:56.670Z,37.0844,36.9133,12.1,4.2,mb,21,121,0.252,0.53,us,us6000jnrp,2023-02-28T03:35:55.040Z,"18 km ESE of Nurda??, Turkey",earthquake,3.53,5.309,0.186,8,reviewed,us,us
2023-02-06T04:14:17.612Z,38.1847,38.6102,9.958,4.4,mb,55,105,0.761,0.74,us,us6000jlne,2023-02-28T02:36:44.040Z,"16 km N of Sincik, Turkey",earthquake,5.43,5.272,0.093,33,reviewed,us,us
2023-02-06T04:16:49.374Z,37.5236,37.2784,11.788,4.5,mb,88,66,0.355,0.43,us,us6000jlnd,2023-02-28T02:30:22.115Z,"4 km NNW of Pazarc?k, Turkey",earthquake,2.71,4.618,0.072,57,reviewed,us,us
2023-02-06T04:18:46.986Z,38.1845,38.5342,16.416,5,mb,145,36,0.776,0.58,us,us6000jlnf,2023-02-23T04:51:17.472Z,"17 km NNW of Sincik, Turkey",earthquake,5.5,3.967,0.053,112,reviewed,us,us
2023-02-06T04:24:45.154Z,37.555,37.2001,13.385,4.1,mb,25,93,0.382,0.56,us,us6000jnvd,2023-02-23T04:21:51.040Z,"11 km NW of Pazarc?k, Turkey",earthquake,3.11,5.604,0.214,6,reviewed,us,us
2023-02-06T04:31:02.298Z,37.2919,36.8854,12.932,4.3,mb,32,159,0.285,0.72,us,us6000jnrs,2023-02-23T04:01:56.040Z,"19 km NE of Nurda??, Turkey",earthquake,4.59,6.261,0.142,14,reviewed,us,us
2023-02-06T04:31:23.899Z,36.3649,36.4413,10,4.4,mb,38,116,1.015,0.48,us,us6000jnsd,2023-02-23T04:14:16.040Z,"2 km NE of Uzunkavak, Turkey",earthquake,5.23,1.939,0.107,25,reviewed,us,us
2023-02-06T04:39:47.868Z,37.7907,37.4444,17.034,4.3,mb,51,96,0.645,0.54,us,us6000jlnq,2023-02-23T03:44:50.040Z,"14 km ENE of Ça?layancerit, Turkey",earthquake,4.39,4.707,0.097,30,reviewed,us,us
2023-02-06T04:47:57.170Z,36.7176,36.4733,10,4.5,mb,75,89,0.744,0.62,us,us6000jlns,2023-02-23T03:27:10.040Z,"9 km SSW of Hassa, Turkey",earthquake,4.91,1.825,0.085,40,reviewed,us,us
2023-02-06T04:56:05.491Z,37.4609,37.1603,16.174,4.5,mb,84,69,0.291,0.64,us,us6000jlnu,2023-02-23T03:10:16.040Z,"12 km WSW of Pazarc?k, Turkey",earthquake,6.53,4.698,0.074,53,reviewed,us,us
2023-02-06T05:01:50.591Z,37.7898,37.8568,16.551,4.6,mb,98,55,0.803,0.55,us,us6000jlnv,2023-03-10T02:18:40.040Z,"5 km W of Tut, Turkey",earthquake,5.41,3.182,0.068,64,reviewed,us,us
2023-02-06T05:04:31.901Z,37.3768,37.0793,11.165,4.2,mb,19,136,0.229,0.5,us,us6000jnvb,2023-03-10T02:30:21.040Z,Central Turkey,earthquake,8.89,7.385,0.176,9,reviewed,us,us
2023-02-06T05:12:52.692Z,37.4966,37.1888,5.336,4.4,mb,29,85,0.324,1.11,us,us6000jnrx,2023-03-10T02:47:27.040Z,"9 km W of Pazarc?k, Turkey",earthquake,2.52,5.123,0.162,11,reviewed,us,us
2023-02-06T05:16:55.953Z,37.7999,37.7821,10,4.1,mb,38,103,0.775,0.65,us,us6000jnrv,2023-03-22T13:26:48.040Z,Central Turkey,earthquake,3.07,1.933,0.175,9,reviewed,us,us
2023-02-06T05:19:48.566Z,38.0197,38.3054,10,4.1,mb,25,81,0.708,0.51,us,us6000jnrw,2023-03-22T13:37:16.040Z,"6 km E of Çelikhan, Turkey",earthquake,3.59,1.904,0.235,5,reviewed,us,us
2023-02-06T05:22:44.551Z,37.3082,37.7106,10,4.4,mb,37,119,1.12,0.46,us,us6000jlnx,2023-03-22T15:48:44.040Z,"12 km E of Yavuzeli, Turkey",earthquake,8.69,1.914,0.102,28,reviewed,us,us
2023-02-06T05:31:22.169Z,38.0053,38.042,10,4.4,mb,42,93,1.063,0.62,us,us6000jlnz,2023-03-22T14:52:17.040Z,"17 km W of Çelikhan, Turkey",earthquake,3.57,1.898,0.117,21,reviewed,us,us
2023-02-06T05:33:10.998Z,38.0957,38.2361,15.345,4.6,mb,73,97,0.801,0.65,us,us6000jns2,2023-03-10T10:37:29.040Z,eastern Turkey,earthquake,4.59,4.503,0.084,42,reviewed,us,us
2023-02-06T05:35:21.339Z,36.4188,36.2183,10,4.4,mb,59,130,1.095,0.54,us,us6000jns0,2023-03-10T14:36:42.040Z,"6 km N of Serinyol, Turkey",earthquake,4.45,1.839,0.086,41,reviewed,us,us
2023-02-06T05:36:33.636Z,36.2975,36.2085,13.032,4.6,mb,93,54,1.187,0.79,us,us6000jlp0,2023-03-10T05:46:37.040Z,"1 km N of Büyük Dalyan, Turkey",earthquake,5.33,4.53,0.067,66,reviewed,us,us
2023-02-06T05:40:38.044Z,37.9116,38.2366,19.278,4.5,mb,57,75,0.66,0.47,us,us6000jnss,2023-03-10T14:15:13.040Z,"12 km S of Çelikhan, Turkey",earthquake,4.44,1.492,0.096,34,reviewed,us,us
2023-02-06T05:43:49.888Z,36.2606,36.2043,10,4.6,mb,73,57,1.217,0.69,us,us6000jns1,2023-03-22T14:26:32.040Z,"3 km S of Büyük Dalyan, Turkey",earthquake,2.78,1.869,0.09,37,reviewed,us,us
2023-02-06T05:44:55.583Z,36.3265,36.4042,10,4.4,mb,37,117,1.063,0.65,us,us6000jnvf,2023-03-10T05:49:56.040Z,"1 km SSW of Karasüleymanl?, Turkey",earthquake,4.94,1.822,0.155,12,reviewed,us,us
2023-02-06T05:55:49.697Z,37.9201,38.4457,10,4.5,mb,75,93,1.671,0.35,us,us6000jlp1,2023-03-22T13:20:49.040Z,"19 km SW of Sincik, Turkey",earthquake,2.15,1.87,0.073,55,reviewed,us,us
2023-02-06T06:14:38.909Z,37.4072,36.9513,10,4.3,mb,31,135,0.312,0.37,us,us6000jns3,2023-03-10T05:36:53.040Z,"19 km S of Kahramanmara?, Turkey",earthquake,1.69,1.927,0.177,9,reviewed,us,us
2023-02-06T06:18:02.484Z,38.1199,38.3761,10,4.4,mb,23,84,0.764,0.6,us,us6000jns4,2023-03-10T05:33:20.040Z,"16 km NE of Çelikhan, Turkey",earthquake,5.21,1.965,0.269,4,reviewed,us,us
2023-02-06T06:26:28.168Z,37.3961,37.1506,10,4.6,mb,71,107,0.229,0.45,us,us6000jlsg,2023-03-22T13:02:19.040Z,"16 km SW of Pazarc?k, Turkey",earthquake,5.02,1.902,0.081,45,reviewed,us,us
2023-02-06T06:27:52.742Z,38.0564,38.2173,10,4.5,mb,26,80,0.779,0.62,us,us6000jnwh,2023-03-10T05:28:34.040Z,"3 km NNW of Çelikhan, Turkey",earthquake,4.05,1.587,0.241,5,reviewed,us,us
2023-02-06T06:54:57.492Z,37.6539,37.392,10,4.8,mb,105,56,0.502,0.53,us,us6000jlp9,2023-03-23T19:25:55.040Z,"13 km SE of Ça?layancerit, Turkey",earthquake,6.38,1.836,0.062,82,reviewed,us,us
2023-02-06T07:08:32.392Z,36.7139,36.4459,11.457,4.5,mb,107,82,0.764,0.6,us,us6000jlpb,2023-03-10T12:45:28.040Z,"11 km SW of Hassa, Turkey",earthquake,3.61,4.291,0.076,51,reviewed,us,us
2023-02-06T07:10:09.617Z,36.595,36.3297,10,4.2,mb,12,229,0.911,0.19,us,us6000jnte,2023-03-22T14:34:38.040Z,"10 km NNW of K?r?khan, Turkey",earthquake,3.07,1.942,0.372,2,reviewed,us,us
2023-02-06T07:24:13.862Z,36.7978,36.2602,10,4.3,mb,17,105,0.784,0.54,us,us6000jnsc,2023-03-22T15:03:16.040Z,"5 km SSE of Dörtyol, Turkey",earthquake,3.19,1.951,0.218,6,reviewed,us,us
2023-02-06T07:29:40.592Z,35.6445,35.5034,10,4.5,mb,46,114,2.047,1.1,us,us6000jnsf,2023-03-10T04:56:41.040Z,"28 km WNW of Latakia, Syria",earthquake,7.91,1.931,0.128,18,reviewed,us,us
2023-02-06T07:41:14.046Z,37.8718,38.0812,10,4.6,mb,38,100,0.984,0.43,us,us6000jlpi,2023-03-10T04:45:27.040Z,eastern Turkey,earthquake,2.15,1.907,0.114,23,reviewed,us,us
2023-02-06T07:54:39.189Z,35.5907,35.5841,10,4.3,mb,33,116,2.052,0.57,us,us6000jnsh,2023-03-10T04:40:29.040Z,"19 km WNW of Latakia, Syria",earthquake,6.18,1.921,0.168,10,reviewed,us,us
2023-02-06T08:01:47.818Z,36.6219,36.4225,10,4.5,mb,63,55,0.836,0.68,us,us6000jlpp,2023-03-10T04:35:06.040Z,"14 km NNE of K?r?khan, Turkey",earthquake,5.61,1.869,0.094,33,reviewed,us,us
2023-02-06T08:12:52.583Z,35.6075,35.3088,10,4.4,mb,63,98,2.138,0.84,us,us6000jnsl,2023-03-10T09:44:00.040Z,"44 km W of Latakia, Syria",earthquake,6.1,1.876,0.097,31,reviewed,us,us
2023-02-06T08:26:39.492Z,36.1795,35.9229,10,4,mb,23,186,1.432,0.8,us,us6000jnsq,2023-03-10T08:21:38.040Z,"11 km WNW of Uzunba?, Turkey",earthquake,5,1.859,0.258,4,reviewed,us,us
2023-02-06T08:52:37.361Z,37.4633,37.2102,10,4.8,mb,82,57,0.291,0.81,us,us6000jlpv,2023-03-10T04:15:01.040Z,"8 km WSW of Pazarc?k, Turkey",earthquake,2.56,1.621,0.069,65,reviewed,us,us
2023-02-06T08:58:34.938Z,38.0402,38.2553,11.354,4.5,mb,73,98,1.2,0.57,us,us6000jlpx,2023-03-10T04:09:15.040Z,eastern Turkey,earthquake,5.84,3.475,0.08,46,reviewed,us,us
2023-02-06T09:21:01.495Z,37.7583,37.9812,17.065,4.5,mb,52,64,0.739,0.91,us,us6000jlq2,2023-03-22T14:33:43.040Z,"7 km SE of Tut, Turkey",earthquake,4.13,3.52,0.115,22,reviewed,us,us
2023-02-06T09:23:45.448Z,36.9214,36.427,10,4.6,mb,51,55,0.661,0.97,us,us6000jlq1,2023-03-22T14:35:58.040Z,"15 km NNW of Hassa, Turkey",earthquake,2.89,1.847,0.081,46,reviewed,us,us
2023-02-06T09:36:17.151Z,37.3147,36.7946,11.367,4.3,mb,34,153,0.36,1.19,us,us6000jlq5,2023-03-22T14:30:56.040Z,"17 km NNE of Nurda??, Turkey",earthquake,5.97,3.43,0.137,15,reviewed,us,us
2023-02-06T09:48:45.420Z,38.8229,39.4835,16.043,4.4,mb,42,61,1.429,0.71,us,us6000jlq7,2023-03-09T12:11:23.040Z,,earthquake,4.51,1.458,0.161,11,reviewed,us,us
2023-02-06T10:07:31.339Z,35.8319,36.162,10,4.6,mb,43,202,1.582,0.97,us,us6000jlqc,2023-03-22T14:26:55.040Z,"11 km SE of Yaylada??, Turkey",earthquake,6.45,1.899,0.1,30,reviewed,us,us
2023-02-06T10:24:49.640Z,38.008,37.2108,13.11,7.5,mww,111,29,0.741,0.76,us,us6000jlqa,2023-03-22T14:58:00.939Z,"Elbistan earthquake, Kahramanmaras earthquake sequence",earthquake,5.05,3.137,0.041,58,reviewed,us,us
2023-02-06T10:26:46.742Z,38.0315,38.0984,10,6,mb,65,63,1.111,0.88,us,us6000jm1y,2023-03-22T14:24:00.166Z,"12 km W of Çelikhan, Turkey",earthquake,4.28,1.605,0.081,57,reviewed,us,us
2023-02-06T10:32:08.932Z,37.9962,37.2033,14.057,5.4,mb,44,66,0.742,0.98,us,us6000jnt0,2023-03-08T17:40:34.040Z,"7 km S of Ekinözü, Turkey",earthquake,4.09,3.651,0.176,20,reviewed,us,us
2023-02-06T10:35:58.161Z,38.0249,37.8023,10,5.8,mb,109,56,0.973,0.9,us,us6000jlqe,2023-03-08T17:54:57.794Z,"9 km SW of Do?an?ehir, Turkey",earthquake,4.5,1.797,0.051,141,reviewed,us,us
2023-02-06T10:44:46.950Z,38.034,37.7967,11.982,4.6,mb,37,82,0.979,1.06,us,us6000jnu5,2023-03-22T13:39:10.040Z,"8 km SW of Do?an?ehir, Turkey",earthquake,3.07,4.384,0.183,12,reviewed,us,us
2023-02-06T10:46:56.782Z,38.039,36.8385,10,4.7,mb,48,55,0.495,0.55,us,us6000jnt5,2023-03-22T13:51:04.040Z,"24 km SSW of Af?in, Turkey",earthquake,5.24,1.793,0.175,14,reviewed,us,us
2023-02-06T10:47:41.873Z,38.0443,36.644,10,4.7,mb,46,54,0.404,0.97,us,us6000jnw7,2023-03-22T13:36:48.040Z,,earthquake,4.77,1.859,0.196,12,reviewed,us,us
2023-02-06T10:50:56.892Z,37.6189,37.9263,10,4.6,mb,52,108,0.724,0.89,us,us6000jlqm,2023-03-09T09:17:07.040Z,"10 km SE of Besni, Turkey",earthquake,5.43,1.892,0.132,17,reviewed,us,us
2023-02-06T10:51:29.991Z,38.0913,38.0486,10,5.7,mb,114,58,0.893,0.79,us,us6000jlql,2023-03-22T14:25:40.860Z,"15 km E of Do?an?ehir, Turkey",earthquake,3.1,1.804,0.047,158,reviewed,us,us
2023-02-06T10:55:02.401Z,38.6244,37.3766,10,4.3,mb,22,68,0.783,0.9,us,us6000jnt6,2023-03-09T14:34:14.040Z,Central Turkey,earthquake,3.9,1.934,0.375,2,reviewed,us,us
2023-02-06T10:56:24.688Z,37.9728,37.3801,10,4.6,mb,29,96,0.811,0.71,us,us6000jnt4,2023-03-09T14:27:53.040Z,Central Turkey,earthquake,4.71,1.926,0.222,6,reviewed,us,us
2023-02-06T11:01:36.485Z,37.8259,37.4436,13.77,4.8,mb,50,50,0.679,0.57,us,us6000jlqy,2023-02-24T06:36:15.036Z,"15 km S of Nurhak, Turkey",earthquake,5.37,3.889,0.109,26,reviewed,us,us
2023-02-06T11:04:38.987Z,38.0723,36.6628,15.349,4.2,mb,30,53,0.386,0.78,us,us6000jnt8,2023-02-18T07:05:06.040Z,"15 km ENE of Göksun, Turkey",earthquake,6.68,6.769,0.14,14,reviewed,us,us
2023-02-06T11:05:35.084Z,38.0752,36.7588,5.968,5.1,mb,86,68,0.426,0.61,us,us6000jlqr,2023-02-20T09:23:49.233Z,"23 km SW of Af?in, Turkey",earthquake,5.12,4.724,0.071,64,reviewed,us,us
2023-02-06T11:11:40.849Z,37.9593,37.3732,10,4.9,mb,56,65,0.797,0.64,us,us6000jlqx,2023-03-17T05:23:28.040Z,"5 km W of Nurhak, Turkey",earthquake,3.8,1.888,0.078,52,reviewed,us,us
2023-02-06T11:20:24.969Z,38.0274,37.7493,15.64,4.1,mb,18,82,0.955,0.52,us,us6000jnt9,2023-02-18T07:14:01.040Z,"12 km WSW of Do?an?ehir, Turkey",earthquake,4.16,3.036,0.234,5,reviewed,us,us
2023-02-06T11:28:01.235Z,37.9321,38.246,13.126,4.3,mb,48,90,0.67,0.53,us,us6000jlr0,2023-02-24T06:47:20.040Z,eastern Turkey,earthquake,3.1,4.886,0.123,19,reviewed,us,us
2023-02-06T11:28:33.812Z,37.9264,36.9995,18.104,4.2,mb,20,156,0.623,0.34,us,us6000jnwp,2023-02-19T06:33:53.040Z,"22 km SW of Ekinözü, Turkey",earthquake,5.95,7.845,0.186,8,reviewed,us,us
2023-02-06T11:30:44.548Z,38.1794,37.955,11.962,4.1,mb,27,73,1.007,0.74,us,us6000jnuc,2023-02-18T10:49:18.040Z,"12 km NE of Do?an?ehir, Turkey",earthquake,4.47,5.314,0.158,12,reviewed,us,us
2023-02-06T11:35:28.583Z,37.9417,37.351,17.733,4.5,mb,95,64,0.776,0.41,us,us6000jlr9,2023-02-24T07:16:59.618Z,"8 km WSW of Nurhak, Turkey",earthquake,4.43,4.246,0.074,54,reviewed,us,us
2023-02-06T11:39:41.665Z,38.0622,36.5678,11.405,4.8,mb,75,41,0.364,0.56,us,us6000jlr7,2023-02-24T07:01:05.040Z,,earthquake,3.88,4.525,0.07,62,reviewed,us,us
2023-02-06T11:44:09.385Z,38.1471,38.0506,16.478,4.3,mb,41,75,0.933,0.29,us,us6000jntb,2023-02-18T08:06:55.040Z,"17 km ENE of Do?an?ehir, Turkey",earthquake,2.19,4.815,0.126,18,reviewed,us,us
2023-02-06T11:50:04.398Z,37.9721,36.3402,5.716,4.5,mb,60,52,0.391,0.34,us,us6000jlra,2023-02-24T07:27:39.040Z,"14 km WSW of Göksun, Turkey",earthquake,4.22,4.533,0.096,32,reviewed,us,us
2023-02-06T11:51:22.063Z,38.016,37.7225,16.818,4.5,mb,59,82,0.936,0.58,us,us6000jm76,2023-02-25T13:41:24.040Z,"15 km WSW of Do?an?ehir, Turkey",earthquake,3.97,4.26,0.093,34,reviewed,us,us
2023-02-06T11:55:57.601Z,38.0599,36.6805,7.09,4.3,mb,36,63,0.404,0.5,us,us6000jntd,2023-02-18T08:30:09.040Z,"16 km ENE of Göksun, Turkey",earthquake,3.17,6.263,0.137,15,reviewed,us,us
2023-02-06T11:58:37.429Z,38.0509,37.5686,15.351,4.7,mb,77,73,0.922,0.51,us,us6000jlrb,2023-02-24T07:39:16.040Z,Central Turkey,earthquake,3.81,3.359,0.066,70,reviewed,us,us
2023-02-06T12:02:11.275Z,38.0582,36.5114,8.516,6,mb,138,25,0.356,0.54,us,us6000jlrc,2023-03-17T05:21:08.514Z,"4 km NNE of Göksun, Turkey",earthquake,4.32,3.954,0.024,647,reviewed,us,us
2023-02-06T12:07:32.722Z,38.0169,36.4016,8.28,4.4,mb,21,74,0.39,0.34,us,us6000jnwq,2023-02-19T09:28:26.040Z,"8 km W of Göksun, Turkey",earthquake,2.47,4.863,0.19,8,reviewed,us,us
2023-02-06T12:13:48.646Z,37.9248,37.3761,17.77,4.7,mb,87,66,0.763,0.38,us,us6000jlrg,2023-02-25T06:32:12.040Z,"7 km SW of Nurhak, Turkey",earthquake,3.3,4,0.063,78,reviewed,us,us
2023-02-06T12:21:18.492Z,38.0621,36.4541,8.221,4.4,mb,49,52,0.346,0.51,us,us6000jlrh,2023-02-25T06:38:43.812Z,Central Turkey,earthquake,3.46,4.939,0.107,25,reviewed,us,us
2023-02-06T12:31:40.752Z,37.8798,37.4824,16.174,4.2,mb,36,60,0.739,0.36,us,us6000jntg,2023-02-18T08:47:18.040Z,Central Turkey,earthquake,2.91,4.535,0.115,21,reviewed,us,us
2023-02-06T12:32:48.345Z,37.9345,38.0571,16.472,4,mb,26,52,0.781,0.66,us,us6000jnwf,2023-02-19T06:09:47.040Z,"18 km WSW of Çelikhan, Turkey",earthquake,4.07,5.472,0.196,7,reviewed,us,us
2023-02-06T12:34:43.513Z,38.0972,38.2339,14.471,4.9,mb,65,40,0.804,0.37,us,us6000jlrj,2023-02-25T06:50:02.689Z,"7 km N of Çelikhan, Turkey",earthquake,3.35,4.518,0.087,42,reviewed,us,us
2023-02-06T12:36:34.388Z,38.0013,37.7893,17.505,4.6,mb,62,84,0.947,0.65,us,us6000jlrk,2023-03-17T05:08:50.040Z,"11 km SW of Do?an?ehir, Turkey",earthquake,5.18,4.305,0.102,29,reviewed,us,us
2023-02-06T12:48:01.449Z,38.0382,36.8659,13.923,4.3,mb,48,55,0.51,0.5,us,us6000jlrp,2023-02-25T08:55:34.040Z,,earthquake,4.62,5.289,0.133,16,reviewed,us,us
2023-02-06T12:54:39.920Z,38.0519,36.864,18.833,4.6,mb,77,48,0.499,0.38,us,us6000jlrq,2023-03-17T04:33:48.040Z,"22 km SSW of Af?in, Turkey",earthquake,4.11,4.53,0.085,41,reviewed,us,us
2023-02-06T13:00:18.127Z,38.1156,36.6841,10,4.5,mb,34,97,0.986,0.59,us,us6000jlrt,2023-03-15T21:57:25.040Z,"19 km ENE of Göksun, Turkey",earthquake,4.59,1.804,0.118,21,reviewed,us,us
2023-02-06T13:03:17.843Z,37.9978,37.4732,9.48,4.6,mb,80,77,0.85,0.8,us,us6000jntk,2023-03-15T22:04:12.040Z,"4 km NE of Nurhak, Turkey",earthquake,5.47,4.502,0.085,41,reviewed,us,us
2023-02-06T13:06:39.750Z,37.991,37.2762,19.665,4.5,mb,57,60,0.794,0.94,us,us6000jnu4,2023-03-15T22:05:57.040Z,"10 km SE of Ekinözü, Turkey",earthquake,4.47,4.524,0.108,25,reviewed,us,us
2023-02-06T13:07:45.076Z,38.0384,37.371,16.904,5,mb,114,56,0.836,0.67,us,us6000jlrv,2023-03-15T22:08:25.040Z,"10 km NW of Nurhak, Turkey",earthquake,2.07,3.632,0.053,115,reviewed,us,us
2023-02-06T13:09:21.093Z,36.2541,36.2923,10,4.6,mb,42,102,1.176,0.83,us,us6000jntm,2023-03-15T22:25:57.040Z,"4 km E of Kastal, Turkey",earthquake,2.8,1.895,0.113,23,reviewed,us,us
2023-02-06T13:11:56.990Z,38.0104,36.6564,10,4.7,mb,61,42,0.945,0.74,us,us6000jlry,2023-02-14T22:54:42.040Z,"14 km E of Göksun, Turkey",earthquake,3.29,1.835,0.086,41,reviewed,us,us
2023-02-06T13:12:27.843Z,37.9077,36.5237,10,4.8,mb,50,81,1.082,0.61,us,us6000jnvk,2023-02-14T23:14:32.040Z,,earthquake,5.57,1.857,0.118,22,reviewed,us,us
2023-02-06T13:14:01.462Z,37.8011,37.9066,14.619,4.5,mb,33,105,0.81,0.91,us,us6000jntl,2023-03-15T22:10:42.040Z,"1 km NW of Tut, Turkey",earthquake,4.71,4.474,0.131,17,reviewed,us,us
2023-02-06T13:17:42.209Z,37.9951,36.3843,10,4.9,mb,106,30,0.412,0.78,us,us6000jls0,2023-02-15T23:06:10.217Z,,earthquake,5.62,1.798,0.057,98,reviewed,us,us
2023-02-06T13:22:01.325Z,38.0367,37.3789,10.761,4.4,mb,40,71,0.874,0.49,us,us6000jntp,2023-02-15T22:48:17.040Z,Central Turkey,earthquake,4.67,4.794,0.144,14,reviewed,us,us
2023-02-06T13:31:39.632Z,36.3959,36.3691,10,4.5,mb,33,103,1.027,0.62,us,us6000jntn,2023-02-16T20:43:35.040Z,"6 km NW of Uzunkavak, Turkey",earthquake,5.39,1.915,0.135,16,reviewed,us,us
2023-02-06T13:32:17.073Z,38.2669,38.3801,10,4.3,mb,31,63,0.896,0.61,us,us6000jnwm,2023-03-15T22:12:30.040Z,"10 km SSE of Malatya, Turkey",earthquake,4.74,1.908,0.122,19,reviewed,us,us
2023-02-06T13:33:15.653Z,37.9231,37.5399,15.685,4.2,mb,32,64,0.794,1.06,us,us6000jnu9,2023-02-16T21:05:19.040Z,"9 km ESE of Nurhak, Turkey",earthquake,5.73,3.69,0.235,5,reviewed,us,us
2023-02-06T13:36:08.640Z,36.3454,36.4775,10,4.2,mb,32,96,1.013,0.75,us,us6000jntr,2023-02-16T21:17:07.040Z,"5 km E of Uzunkavak, Turkey",earthquake,5.82,1.946,0.186,8,reviewed,us,us
2023-02-06T13:39:24.254Z,38.0166,37.7013,10,5.3,mb,221,33,0.929,1.23,us,us6000jls3,2023-02-16T21:46:47.405Z,"16 km WSW of Do?an?ehir, Turkey",earthquake,5.36,1.802,0.044,176,reviewed,us,us
2023-02-06T13:44:51.298Z,37.9405,37.4916,16.865,5,mb,106,64,0.799,0.71,us,us6000jls6,2023-02-19T15:29:19.859Z,"5 km ESE of Nurhak, Turkey",earthquake,3.9,3.84,0.055,105,reviewed,us,us
2023-02-06T13:58:50.413Z,38.0588,36.4642,10,4.3,mb,38,80,0.35,0.84,us,us6000jnts,2023-02-19T15:49:55.040Z,"5 km NW of Göksun, Turkey",earthquake,2.54,1.925,0.148,13,reviewed,us,us
2023-02-06T14:03:08.489Z,38.2079,37.8768,10,4.3,mb,41,50,1.07,0.83,us,us6000jntu,2023-03-15T22:15:39.040Z,"13 km N of Do?an?ehir, Turkey",earthquake,2.97,1.885,0.137,15,reviewed,us,us
2023-02-06T14:04:49.444Z,37.9944,36.4533,10,4.4,mb,67,36,0.413,0.64,us,us6000jls9,2023-02-19T16:04:09.040Z,"4 km SW of Göksun, Turkey",earthquake,2.34,1.873,0.098,30,reviewed,us,us
2023-02-06T14:10:09.968Z,37.7257,37.385,10,4.5,mb,102,66,0.57,0.87,us,us6000jlsb,2023-02-19T16:13:59.040Z,"8 km ESE of Ça?layancerit, Turkey",earthquake,5.75,1.875,0.075,52,reviewed,us,us
2023-02-06T14:17:18.854Z,37.8732,37.3571,21.255,4.4,mb,66,79,0.71,0.77,us,us6000jlsd,2023-03-15T22:17:17.040Z,"12 km SW of Nurhak, Turkey",earthquake,4.36,2.999,0.086,39,reviewed,us,us
2023-02-06T14:27:43.394Z,36.8097,36.5387,10,4.5,mb,78,60,0.648,0.68,us,us6000jlse,2023-02-19T16:34:15.040Z,Turkey-Syria border region,earthquake,1.71,1.83,0.076,51,reviewed,us,us
2023-02-06T14:29:57.853Z,37.9977,36.4927,10,4.7,mb,104,39,0.413,0.89,us,us6000jlsf,2023-02-19T16:41:10.040Z,"2 km S of Göksun, Turkey",earthquake,3.64,1.831,0.066,70,reviewed,us,us
2023-02-06T14:33:07.461Z,38.0365,37.8572,10,4.5,mb,39,83,0.968,0.54,us,us6000jntw,2023-02-19T16:53:51.040Z,"5 km SSW of Do?an?ehir, Turkey",earthquake,2.38,1.656,0.191,8,reviewed,us,us
2023-02-06T14:41:57.177Z,38.1782,37.7439,10,4.5,mb,60,65,1.068,1.16,us,us6000jlsj,2023-03-15T22:17:39.040Z,"15 km NW of Do?an?ehir, Turkey",earthquake,3.68,1.899,0.113,23,reviewed,us,us
2023-02-06T14:51:15.299Z,38.0706,38.404,10,4.4,mb,84,28,0.71,0.7,us,us6000jlsl,2023-02-19T17:11:56.040Z,"15 km ENE of Çelikhan, Turkey",earthquake,4.6,1.869,0.092,34,reviewed,us,us
2023-02-06T14:57:46.881Z,38.0486,37.825,10,4.4,mb,67,52,0.996,1.14,us,us6000jlsn,2023-03-28T19:18:33.040Z,Central Turkey,earthquake,4.09,1.783,0.097,31,reviewed,us,us
2023-02-06T15:14:34.398Z,37.8789,37.7345,10,5.4,mb,132,28,0.82,0.81,us,us6000jlsq,2023-03-28T19:15:32.040Z,"13 km NE of Gölba??, Turkey",earthquake,5.22,1.804,0.042,188,reviewed,us,us
2023-02-06T15:33:32.721Z,38.19,38.1756,7.43,5.4,mwr,112,29,1.273,0.8,us,us6000jlsu,2023-02-19T18:26:24.910Z,"13 km SSW of Ye?ilyurt, Turkey",earthquake,5.06,1.918,0.08,15,reviewed,us,us
2023-02-06T15:52:44.320Z,37.868,37.8519,15.594,4.3,mb,48,97,0.862,0.93,us,us6000jnu2,2023-02-19T18:17:18.040Z,"9 km NW of Tut, Turkey",earthquake,3.78,4.05,0.114,22,reviewed,us,us
2023-02-06T15:59:27.990Z,38.0709,37.5505,10,4.2,mb,44,75,0.937,1.22,us,us6000jnwa,2023-02-19T18:27:08.040Z,"15 km NE of Nurhak, Turkey",earthquake,2.25,1.916,0.141,14,reviewed,us,us
2023-02-06T16:06:42.958Z,37.9972,36.9911,10,4.3,mb,52,51,0.609,0.83,us,us6000jlsy,2023-02-19T18:34:21.040Z,"18 km WSW of Ekinözü, Turkey",earthquake,3.24,1.158,0.119,20,reviewed,us,us
2023-02-06T16:10:43.265Z,36.1064,35.7822,10,4.5,mb,47,54,1.565,0.7,us,us6000jlt0,2023-02-19T18:50:24.040Z,"23 km W of Uzunba?, Turkey",earthquake,2.92,1.86,0.106,26,reviewed,us,us
2023-02-06T16:21:46.033Z,38.0912,36.433,10,4.1,mb,33,49,0.316,1.08,us,us6000jnua,2023-02-19T19:14:24.040Z,"9 km NW of Göksun, Turkey",earthquake,1.65,1.901,0.198,7,reviewed,us,us
2023-02-06T16:22:44.967Z,38.0189,36.5048,3.826,4.1,mb,22,77,0.394,0.55,us,us6000jnwi,2023-02-19T20:11:23.040Z,"0 km ESE of Göksun, Turkey",earthquake,2.61,6.205,0.213,6,reviewed,us,us
2023-02-06T16:25:01.255Z,38.0666,36.4607,10,4.2,mb,55,37,0.342,0.62,us,us6000jnuu,2023-02-19T20:23:02.040Z,"5 km NNW of Göksun, Turkey",earthquake,3.13,1.88,0.099,28,reviewed,us,us
2023-02-06T16:26:15.464Z,37.9826,36.8994,10,4.6,mb,122,44,0.569,0.58,us,us6000jlt5,2023-02-19T20:31:09.040Z,"26 km WSW of Ekinözü, Turkey",earthquake,2.78,1.812,0.064,72,reviewed,us,us
2023-02-06T16:26:39.507Z,38.0385,36.5982,10,4.8,mb,104,28,0.394,0.65,us,us6000jlt1,2023-02-19T21:00:22.040Z,"9 km ENE of Göksun, Turkey",earthquake,5.02,1.832,0.054,107,reviewed,us,us
2023-02-06T16:27:19.278Z,38.049,36.4154,10,4.6,mb,34,82,0.358,0.71,us,us6000jnwy,2023-03-28T19:27:55.040Z,"7 km WNW of Göksun, Turkey",earthquake,1.87,1.913,0.158,12,reviewed,us,us
2023-02-06T16:28:08.698Z,37.4633,36.981,5.178,4.7,mb,57,66,0.343,0.92,us,us6000jnu7,2023-02-19T21:19:41.040Z,"14 km SSE of Kahramanmara?, Turkey",earthquake,5.05,4.494,0.096,33,reviewed,us,us
2023-02-06T16:32:11.661Z,36.6625,36.4828,10,4.9,mb,128,68,0.773,0.91,us,us6000jlt7,2023-02-19T21:26:56.040Z,"14 km SSW of A?a?? Karafak?l?, Turkey",earthquake,4.88,1.816,0.053,110,reviewed,us,us
2023-02-06T16:35:18.135Z,38.2352,39.117,10,4.5,mb,69,52,0.827,0.83,us,us6000jnum,2023-03-28T19:07:37.040Z,"10 km SE of Do?anyol, Turkey",earthquake,2.58,1.856,0.115,22,reviewed,us,us
2023-02-06T16:43:28.541Z,38.0007,36.5078,10,5,mwr,128,33,0.412,0.88,us,us6000jlta,2023-03-15T22:24:25.040Z,"2 km SSE of Göksun, Turkey",earthquake,2.97,1.831,0.073,18,reviewed,us,us
2023-02-06T16:55:35.783Z,38.0112,37.4148,9.152,4.5,mb,110,56,0.853,0.57,us,us6000jlth,2023-02-19T21:48:23.040Z,"5 km NNW of Nurhak, Turkey",earthquake,3.83,4.113,0.073,55,reviewed,us,us
2023-02-06T17:11:47.915Z,37.9598,37.3381,10,4.3,mb,54,60,0.793,0.77,us,us6000jlu3,2023-03-08T19:12:34.040Z,"9 km W of Nurhak, Turkey",earthquake,1.65,1.903,0.129,17,reviewed,us,us
2023-02-06T17:22:02.040Z,38.1262,36.5145,10,4.1,mb,40,65,0.291,1.14,us,us6000jlww,2023-03-08T19:15:45.040Z,"11 km N of Göksun, Turkey",earthquake,3.98,1.821,0.135,15,reviewed,us,us
2023-02-06T17:26:24.489Z,38.0994,36.6984,10,4.7,mb,99,33,0.378,0.85,us,us6000jlwh,2023-03-28T17:45:35.040Z,"19 km ENE of Göksun, Turkey",earthquake,2.74,1.766,0.065,72,reviewed,us,us
2023-02-06T17:31:34.258Z,37.0866,36.7384,10,4.5,mb,83,57,0.386,1.1,us,us6000jly1,2023-03-28T17:43:01.040Z,"9 km S of Nurda??, Turkey",earthquake,5.63,1.849,0.087,39,reviewed,us,us
2023-02-06T17:46:49.824Z,38.0881,37.8449,10,4.5,mb,72,83,1.044,1.12,us,us6000jm13,2023-03-08T19:26:42.040Z,"2 km W of Do?an?ehir, Turkey",earthquake,3.39,1.754,0.098,30,reviewed,us,us
2023-02-06T18:02:44.660Z,38.1022,36.5286,10,4.4,mb,59,46,0.317,0.77,us,us6000jm1n,2023-03-08T19:29:59.040Z,"9 km NNE of Göksun, Turkey",earthquake,5.14,1.893,0.098,30,reviewed,us,us
2023-02-06T18:03:53.807Z,37.9781,36.4456,10,5.2,mww,119,20,0.405,0.76,us,us6000jm1p,2023-03-21T18:32:40.040Z,Central Turkey,earthquake,4.96,1.324,0.098,10,reviewed,us,us
2023-02-06T18:48:48.804Z,38.1812,38.1587,10,4.2,mb,41,72,0.906,0.63,us,us6000jnul,2023-03-28T19:37:36.040Z,"14 km SSW of Ye?ilyurt, Turkey",earthquake,4.28,1.92,0.175,9,reviewed,us,us
2023-02-06T18:49:54.341Z,36.9291,36.7256,10,4.1,mb,20,196,0.457,1,us,us6000jnw9,2023-03-16T14:46:25.040Z,"17 km WNW of Musabeyli, Turkey",earthquake,4.58,1.938,0.213,6,reviewed,us,us
2023-02-06T18:51:18.887Z,36.9819,36.8786,10,4.3,mb,41,57,0.326,0.67,us,us6000jnuk,2023-03-16T14:29:35.040Z,Turkey-Syria border region,earthquake,3.85,1.622,0.16,11,reviewed,us,us
2023-02-06T18:55:52.597Z,37.9398,38.1889,10,4.2,mb,19,91,0.707,0.82,us,us6000jnux,2023-03-08T19:56:44.040Z,eastern Turkey,earthquake,3.59,1.936,0.529,1,reviewed,us,us
2023-02-06T19:12:31.181Z,38.0322,37.3231,10,4.1,mb,34,70,0.805,0.71,us,us6000jnuy,2023-03-08T19:58:54.040Z,"12 km ESE of Ekinözü, Turkey",earthquake,3.37,1.658,0.197,7,reviewed,us,us
2023-02-06T19:15:47.865Z,37.989,36.3922,10,4.4,mb,49,36,0.41,1.09,us,us6000jm1w,2023-03-28T19:45:50.040Z,"9 km WSW of Göksun, Turkey",earthquake,2.19,1.88,0.112,23,reviewed,us,us
2023-02-06T19:25:01.538Z,37.8505,36.6645,10,4.5,mb,36,44,0.37,0.8,us,us6000jnuz,2023-03-08T20:01:12.040Z,"23 km SE of Göksun, Turkey",earthquake,4.6,1.422,0.156,12,reviewed,us,us
2023-02-06T19:30:59.475Z,38.0086,37.2784,10,4.4,mb,70,80,0.786,0.68,us,us6000jm1z,2023-03-08T20:04:39.040Z,"9 km SE of Ekinözü, Turkey",earthquake,5.66,1.79,0.092,34,reviewed,us,us
2023-02-06T19:35:50.682Z,37.4754,37.1707,10,4.4,mb,69,51,0.304,0.62,us,us6000jm21,2023-03-28T17:31:57.040Z,"11 km W of Pazarc?k, Turkey",earthquake,5.48,1.854,0.098,30,reviewed,us,us
2023-02-06T19:40:17.531Z,38.0527,38.1879,14.987,4.6,mb,109,39,0.791,0.73,us,us6000jm2a,2023-03-28T19:48:03.040Z,"5 km NW of Çelikhan, Turkey",earthquake,4.03,4.138,0.062,77,reviewed,us,us
2023-02-06T19:49:40.207Z,38.0959,36.6474,10,4.3,mb,56,31,0.359,0.62,us,us6000jm28,2023-03-28T17:29:22.040Z,"15 km ENE of Göksun, Turkey",earthquake,4.69,1.781,0.137,15,reviewed,us,us
2023-02-06T20:05:35.061Z,38.035,36.3119,10,4.7,mb,91,35,0.381,0.8,us,us6000jm29,2023-03-28T17:26:19.040Z,,earthquake,4.33,1.81,0.059,88,reviewed,us,us
2023-02-06T20:11:49.233Z,37.8934,37.6383,14.754,4.3,mb,45,90,0.702,0.9,us,us6000jnuq,2023-03-08T20:12:59.040Z,"12 km N of Gölba??, Turkey",earthquake,4.9,5.204,0.177,9,reviewed,us,us
2023-02-06T20:14:11.184Z,37.9649,36.479,6.59,4.3,mb,55,46,0.399,0.73,us,us6000jm2k,2023-03-08T20:14:05.040Z,,earthquake,4.35,3.494,0.111,23,reviewed,us,us
2023-02-06T20:23:12.622Z,38.0875,38.6818,10,4.2,mb,36,62,0.655,0.74,us,us6000jnur,2023-03-28T17:23:13.040Z,"8 km NE of Sincik, Turkey",earthquake,5.08,1.924,0.187,8,reviewed,us,us
2023-02-06T20:37:51.917Z,37.2588,37.1017,10,5.3,mww,135,34,0.122,0.78,us,us6000jm2r,2023-03-28T17:20:07.040Z,"30 km SW of Pazarc?k, Turkey",earthquake,5.15,1.767,0.071,19,reviewed,us,us
2023-02-06T20:40:06.434Z,38.2636,37.9916,10,4.9,mb,44,68,1.052,0.76,us,us6000jnut,2023-03-08T20:28:55.040Z,,earthquake,3.2,1.839,0.112,25,reviewed,us,us
2023-02-06T20:44:00.230Z,38.0062,36.5773,10,5,mb,93,30,0.42,0.67,us,us6000jm2t,2023-03-28T17:07:23.040Z,"7 km ESE of Göksun, Turkey",earthquake,2.29,1.795,0.058,95,reviewed,us,us
2023-02-06T20:45:42.200Z,36.1512,36.1819,10,4.3,mb,28,99,1.312,0.55,us,us6000jnw4,2023-03-08T20:31:12.040Z,Turkey-Syria border region,earthquake,3.94,1.909,0.187,8,reviewed,us,us
2023-02-06T20:53:24.385Z,38.2114,38.2502,10,5,mb,115,32,0.892,0.9,us,us6000jm2v,2023-03-28T17:13:35.040Z,"9 km S of Ye?ilyurt, Turkey",earthquake,4.45,1.698,0.051,124,reviewed,us,us
2023-02-06T20:54:01.125Z,37.9263,36.4655,10,4.4,mb,28,62,0.359,1.12,us,us6000jnvx,2023-03-16T14:41:22.040Z,,earthquake,3.07,1.916,0.17,11,reviewed,us,us
2023-02-06T21:02:06.978Z,36.7444,36.4904,19.625,4.5,mb,80,68,0.717,0.78,us,us6000jm2x,2023-02-23T03:00:53.040Z,"6 km SSW of Hassa, Turkey",earthquake,4.85,4.269,0.076,50,reviewed,us,us
2023-02-06T21:15:18.245Z,38.072,37.034,10.235,4.9,mwr,135,47,0.589,0.66,us,us6000jm30,2023-02-23T02:46:50.040Z,"13 km W of Ekinözü, Turkey",earthquake,4.77,3.056,0.052,35,reviewed,us,us
2023-02-06T21:57:43.548Z,38.0327,36.5874,9.959,5,mb,166,27,0.397,0.59,us,us6000jm3c,2023-03-28T16:48:06.040Z,Central Turkey,earthquake,5.54,1.944,0.048,135,reviewed,us,us
2023-02-06T22:09:51.889Z,38.0814,36.8993,10.236,4.1,mb,33,67,0.499,0.67,us,us6000jnuw,2023-02-19T23:51:02.040Z,"18 km S of Af?in, Turkey",earthquake,2.75,6.787,0.165,10,reviewed,us,us
2023-02-06T22:11:36.589Z,38.1849,38.1676,11.762,4.4,mb,74,72,0.905,0.8,us,us6000jm3f,2023-03-28T16:45:05.040Z,"14 km SSW of Ye?ilyurt, Turkey",earthquake,2.94,3.99,0.079,46,reviewed,us,us
2023-02-06T22:26:19.224Z,37.9513,37.4226,16.606,4.3,mb,62,68,0.608,0.62,us,us6000jm3l,2023-03-28T16:29:51.040Z,Central Turkey,earthquake,3.69,4.23,0.086,38,reviewed,us,us
2023-02-06T22:29:39.276Z,38.0444,36.4089,6.339,4.5,mb,100,28,0.362,0.54,us,us6000jm3n,2023-03-28T16:42:47.040Z,"8 km WNW of Göksun, Turkey",earthquake,3.31,2.997,0.067,66,reviewed,us,us
2023-02-06T22:44:54.848Z,38.0613,36.5637,13.174,4.2,mb,26,75,0.364,0.42,us,us6000jnv1,2023-02-19T22:36:45.040Z,"7 km NE of Göksun, Turkey",earthquake,2.3,1.306,0.199,7,reviewed,us,us
2023-02-06T22:55:27.276Z,37.9341,36.6247,11.221,4,mb,33,74,0.417,0.67,us,us6000jnv2,2023-02-19T04:43:54.040Z,"14 km SE of Göksun, Turkey",earthquake,2.31,5.325,0.15,12,reviewed,us,us
2023-02-06T23:13:30.078Z,37.9823,37.4015,10,4.2,mb,41,69,0.62,0.83,us,us6000jnv4,2023-03-28T16:39:32.040Z,"4 km WNW of Nurhak, Turkey",earthquake,2.38,1.926,0.2,7,reviewed,us,us
2023-02-06T23:29:14.993Z,35.6037,35.3598,10.855,4.5,mwr,81,43,1.779,0.56,us,us6000jm3x,2023-03-28T16:34:02.040Z,"39 km WNW of Latakia, Syria",earthquake,5.02,2.721,0.08,15,reviewed,us,us
2023-02-07T00:20:16.237Z,37.8431,36.6148,10,4.2,mb,53,34,0.339,0.74,us,us6000jp3d,2023-02-20T03:07:13.040Z,"22 km SSE of Göksun, Turkey",earthquake,3.52,1.635,0.112,22,reviewed,us,us
2023-02-07T01:18:07.375Z,38.0195,36.4624,10,4.3,mb,23,66,0.389,0.89,us,us6000jp3f,2023-03-15T23:33:41.040Z,Central Turkey,earthquake,1.3,1.928,0.201,7,reviewed,us,us
2023-02-07T01:29:18.918Z,38.0903,36.7693,10,4.2,mb,62,36,0.42,0.78,us,us6000jm4r,2023-03-15T23:35:31.040Z,"21 km SW of Af?in, Turkey",earthquake,2.41,1.897,0.121,19,reviewed,us,us
2023-02-07T01:32:00.826Z,38.0152,36.5543,10,4.4,mb,31,56,0.406,0.55,us,us6000jp3g,2023-03-15T23:47:47.040Z,"5 km E of Göksun, Turkey",earthquake,3.9,1.9,0.169,10,reviewed,us,us
2023-02-07T01:34:29.191Z,37.4326,37.0521,10,4.4,mb,46,111,0.141,0.76,us,us6000jm4x,2023-02-28T00:28:42.954Z,"20 km SSE of Kahramanmara?, Turkey",earthquake,5.7,1.928,0.123,19,reviewed,us,us
2023-02-07T02:28:20.753Z,38.0265,37.5093,10,4.1,mb,30,118,0.71,0.8,us,us6000jp53,2023-03-15T23:53:19.040Z,"9 km NE of Nurhak, Turkey",earthquake,3.75,1.925,0.214,6,reviewed,us,us
2023-02-07T02:30:56.621Z,26.8303,55.2235,10,4.2,mb,27,97,2.075,0.83,us,us6000jm52,2023-03-15T23:55:22.040Z,"45 km NE of Bandar-e Lengeh, Iran",earthquake,5.42,1.928,0.137,15,reviewed,us,us
2023-02-07T02:39:03.939Z,38.6041,37.5154,15.268,4.2,mb,36,64,1.328,0.64,us,us6000jm53,2023-02-28T02:27:37.040Z,"6 km N of Darende, Turkey",earthquake,4.04,5.081,0.167,10,reviewed,us,us
2023-02-07T02:43:27.973Z,38.1044,36.9078,10,4.4,mb,41,45,0.961,0.75,us,us6000jm54,2023-02-28T02:38:07.040Z,"15 km S of Af?in, Turkey",earthquake,2.64,1.885,0.134,16,reviewed,us,us
2023-02-07T02:47:37.075Z,35.9675,35.9852,10,4.8,mb,109,47,1.555,0.88,us,us6000jm55,2023-03-28T16:17:13.040Z,Near the coast of Syria,earthquake,5.33,1.839,0.06,86,reviewed,us,us
2023-02-07T02:53:29.007Z,38.0387,36.5733,10,4.4,mb,63,48,0.388,0.38,us,us6000jm57,2023-02-28T04:10:45.040Z,"6 km ENE of Göksun, Turkey",earthquake,3.61,1.861,0.12,20,reviewed,us,us
2023-02-07T03:02:54.008Z,37.3373,37.1197,10,4.3,mb,24,76,0.18,0.65,us,us6000jm5a,2023-03-16T00:28:09.040Z,"23 km SW of Pazarc?k, Turkey",earthquake,3.71,1.643,0.178,9,reviewed,us,us
2023-02-07T03:08:57.332Z,37.9361,37.6227,10,4.7,mb,99,55,0.83,0.71,us,us6000jm5c,2023-03-28T20:04:31.040Z,"16 km E of Nurhak, Turkey",earthquake,4.98,1.84,0.085,42,reviewed,us,us
2023-02-07T03:13:12.754Z,37.7639,37.7309,10,5.5,mww,136,45,0.722,0.58,us,us6000jm5e,2023-02-28T04:52:01.523Z,Central Turkey,earthquake,5.01,1.719,0.062,25,reviewed,us,us
2023-02-07T03:16:16.365Z,37.6089,37.3755,10,4.6,mb,42,99,0.392,0.56,us,us6000jp3y,2023-02-28T05:02:09.040Z,"15 km NNE of Pazarc?k, Turkey",earthquake,1.51,1.946,0.122,20,reviewed,us,us
2023-02-07T03:30:01.492Z,37.748,37.6323,10,4.3,mb,54,78,0.63,1.04,us,us6000jp3x,2023-03-16T00:31:41.040Z,"3 km S of Gölba??, Turkey",earthquake,1.3,1.913,0.147,13,reviewed,us,us
2023-02-07T03:37:00.403Z,36.2786,36.2446,10,4.3,mb,50,82,1.182,0.77,us,us6000jm5j,2023-03-16T01:06:14.040Z,,earthquake,2.31,1.843,0.133,16,reviewed,us,us
2023-02-07T03:58:56.236Z,37.507,37.227,10,4.2,mwr,37,89,0.26,0.77,us,us6000jp3k,2023-02-28T05:53:15.040Z,Central Turkey,earthquake,4.34,1.836,0.069,20,reviewed,us,us
2023-02-07T04:07:57.801Z,37.7181,37.4217,10,4.1,mb,24,87,0.466,0.62,us,us6000jp3l,2023-03-16T01:20:52.040Z,Kahramanmaras Earthquake Sequence,earthquake,3.36,1.483,0.214,6,reviewed,us,us
2023-02-07T04:16:42.272Z,37.9036,37.4321,10,3.9,mb,32,81,0.58,0.73,us,us6000jm5s,2023-03-16T01:24:43.040Z,"6 km S of Nurhak, Turkey",earthquake,2.99,1.918,0.209,6,reviewed,us,us
2023-02-07T04:42:03.194Z,36.8131,36.6306,10,4.4,mb,59,57,0.586,0.77,us,us6000jm5v,2023-03-16T01:34:25.040Z,"7 km ENE of A?a?? Karafak?l?, Turkey",earthquake,4.32,1.873,0.115,22,reviewed,us,us
2023-02-07T05:26:30.941Z,36.1531,36.3488,13.661,4.4,mwr,66,124,1.23,0.46,us,us6000jm63,2023-02-25T09:23:48.558Z,"1 km SSE of Boynuyo?un, Turkey",earthquake,4.79,4.611,0.069,20,reviewed,us,us
2023-02-07T06:15:23.256Z,38.0668,38.1413,17.718,4.1,mb,31,65,0.825,0.38,us,us6000jp3w,2023-02-19T10:09:01.040Z,"9 km WNW of Çelikhan, Turkey",earthquake,4.45,4.852,0.145,13,reviewed,us,us
2023-02-07T06:26:11.987Z,37.3357,36.8762,7.505,4.2,mb,23,150,0.17,0.4,us,us6000jp3v,2023-02-19T09:57:26.040Z,"22 km NE of Nurda??, Turkey",earthquake,2.38,5.007,0.187,8,reviewed,us,us
2023-02-07T06:40:53.712Z,38.0324,36.4486,5.95,4.6,mb,55,44,0.375,0.5,us,us6000jm69,2023-03-28T20:07:36.040Z,"4 km WNW of Göksun, Turkey",earthquake,2.95,5.12,0.111,24,reviewed,us,us
2023-02-07T06:48:51.696Z,38.3125,37.5785,5.826,4.6,mb,79,39,0.917,0.64,us,us6000jm6b,2023-03-28T20:09:04.040Z,"26 km SSE of Darende, Turkey",earthquake,3.17,4.278,0.081,46,reviewed,us,us
2023-02-07T07:11:15.008Z,38.0971,38.6398,9.063,5.4,mww,135,29,1.464,0.72,us,us6000jm6p,2023-03-09T06:20:08.217Z,"7 km NNE of Sincik, Turkey",earthquake,2.08,3.088,0.053,34,reviewed,us,us
2023-02-07T07:26:36.313Z,38.0311,37.5813,16.18,4.4,mb,66,65,0.753,1.05,us,us6000jm6v,2023-03-09T06:16:33.040Z,"14 km ENE of Nurhak, Turkey",earthquake,2.98,4.552,0.127,18,reviewed,us,us
2023-02-07T07:45:06.565Z,36.8855,36.6006,10,4.2,mb,31,104,0.565,0.81,us,us6000jp49,2023-03-22T13:35:34.040Z,Turkey-Syria border region,earthquake,3.14,1.803,0.305,3,reviewed,us,us
2023-02-07T07:54:23.648Z,36.5768,36.4539,10,4.3,mb,35,56,0.849,0.96,us,us6000jm6x,2023-03-22T14:13:25.040Z,"12 km NE of K?r?khan, Turkey",earthquake,4.98,1.912,0.217,6,reviewed,us,us
2023-02-07T08:18:11.763Z,38.1372,38.537,15.974,4.3,mb,32,76,0.731,0.66,us,us6000jp3z,2023-03-09T09:33:07.040Z,eastern Turkey,earthquake,3.45,5.357,0.265,6,reviewed,us,us
2023-02-07T08:25:46.609Z,37.8817,37.5278,10,4.5,mb,63,56,0.624,0.78,us,us6000jm71,2023-03-28T20:10:37.040Z,"11 km SE of Nurhak, Turkey",earthquake,5.01,1.877,0.113,23,reviewed,us,us
2023-02-07T09:53:31.468Z,38.1471,36.3693,20.355,4.2,mb,45,53,0.263,0.43,us,us6000jp42,2023-03-10T14:25:46.040Z,Central Turkey,earthquake,3.73,1.655,0.118,22,reviewed,us,us
2023-02-07T10:07:18.238Z,37.5226,37.1468,10.944,4.2,mb,65,47,0.197,0.49,us,us6000jp54,2023-03-10T15:29:52.040Z,"14 km WNW of Pazarc?k, Turkey",earthquake,5.6,3.328,0.082,43,reviewed,us,us
2023-02-07T10:18:14.589Z,38.0164,38.57,12.988,5.3,mww,204,29,0.608,0.54,us,us6000jm7f,2023-03-10T10:38:53.275Z,eastern Turkey,earthquake,5.21,3.31,0.065,23,reviewed,us,us
2023-02-07T10:27:32.024Z,38.3061,38.1915,16.052,4.6,mb,120,42,0.997,0.38,us,us6000jm7h,2023-03-09T17:26:03.040Z,"4 km WNW of Ye?ilyurt, Turkey",earthquake,4.51,3.721,0.058,91,reviewed,us,us
2023-02-07T10:37:17.535Z,36.0958,35.9441,10,4.6,mb,84,71,1.48,0.61,us,us6000jp45,2023-03-10T13:51:17.040Z,"9 km WSW of Uzunba?, Turkey",earthquake,5.14,1.865,0.091,36,reviewed,us,us
2023-02-07T10:53:22.247Z,40.1816,23.6427,10,4.9,mb,80,79,1.732,0.43,us,us6000jm7j,2023-03-08T16:37:18.214Z,"4 km SSW of Níkiti, Greece",earthquake,5.91,1.865,0.067,69,reviewed,us,us
2023-02-07T10:56:29.905Z,37.8696,36.6642,8.656,4.5,mb,68,68,0.384,0.7,us,us6000jm7k,2023-03-09T15:55:31.040Z,Central Turkey,earthquake,6.72,5.002,0.083,44,reviewed,us,us
2023-02-07T10:57:45.797Z,37.8911,36.6653,10,4.6,mb,65,43,0.401,0.71,us,us6000jp48,2023-03-28T20:13:53.040Z,Central Turkey,earthquake,3.5,1.86,0.088,40,reviewed,us,us
2023-02-07T11:01:11.695Z,37.9808,37.6619,3.759,4.4,mb,97,51,0.768,0.47,us,us6000jp4b,2023-03-22T12:33:18.040Z,Central Turkey,earthquake,4.92,3.872,0.069,62,reviewed,us,us
2023-02-07T12:07:03.774Z,38.2171,38.263,15.409,4.5,mb,93,26,0.892,0.54,us,us6000jm7q,2023-03-09T15:40:06.040Z,"8 km S of Ye?ilyurt, Turkey",earthquake,3.77,4.057,0.071,59,reviewed,us,us
2023-02-07T13:36:41.353Z,36.0984,35.8449,10,4.5,mb,81,70,1.532,0.91,us,us6000jm84,2023-02-19T22:06:14.040Z,"17 km WSW of Uzunba?, Turkey",earthquake,4.45,1.802,0.084,41,reviewed,us,us
2023-02-07T14:23:17.029Z,38.0426,36.5803,10,4.4,mb,53,41,0.386,0.8,us,us6000jp4j,2023-02-19T22:33:43.040Z,"7 km ENE of Göksun, Turkey",earthquake,1.86,1.872,0.13,17,reviewed,us,us
2023-02-07T15:31:28.295Z,37.3758,37.1447,10,4.7,mwr,126,34,0.21,0.64,us,us6000jm95,2023-02-19T22:57:53.609Z,"18 km SW of Pazarc?k, Turkey",earthquake,5.54,1.867,0.063,24,reviewed,us,us
2023-02-07T15:48:54.123Z,37.9939,36.4771,11.132,5,mww,138,22,0.415,0.61,us,us6000jm96,2023-02-20T14:54:26.655Z,"3 km SSW of Göksun, Turkey",earthquake,5.2,3.312,0.062,25,reviewed,us,us
2023-02-07T16:53:27.462Z,36.0086,35.9967,10,4.2,mb,22,120,1.517,0.88,us,us6000jp56,2023-02-20T15:38:32.040Z,"13 km NNW of Yaylada??, Turkey",earthquake,2.19,1.919,0.305,3,reviewed,us,us
2023-02-07T16:54:31.685Z,37.9421,37.323,17.033,4.1,mb,26,74,0.55,1.18,us,us6000jp57,2023-02-20T15:45:29.040Z,"10 km WSW of Nurhak, Turkey",earthquake,2.92,4.662,0.234,5,reviewed,us,us
2023-02-07T17:38:00.327Z,37.8896,37.6276,16.287,4.2,mb,32,102,0.79,0.97,us,us6000jmar,2023-03-16T17:02:48.040Z,"11 km N of Gölba??, Turkey",earthquake,3.95,4.841,0.141,15,reviewed,us,us
2023-02-07T17:53:50.882Z,38.0002,36.4438,8.524,4.2,mb,71,35,0.407,0.68,us,us6000jp4m,2023-03-16T16:57:15.040Z,Central Turkey,earthquake,3.2,4.683,0.098,34,reviewed,us,us
2023-02-07T18:10:00.223Z,37.969,36.6038,19.248,5.3,mww,166,24,0.439,0.69,us,us6000jmat,2023-03-16T16:47:58.040Z,"10 km ESE of Göksun, Turkey",earthquake,3.59,3.343,0.093,11,reviewed,us,us
2023-02-07T18:14:08.571Z,37.8659,38.2929,26.793,4.4,mb,49,60,0.597,0.68,us,us6000jp5e,2023-03-04T17:30:57.040Z,"11 km N of Ad?yaman, Turkey",earthquake,4.21,4.996,0.138,17,reviewed,us,us
2023-02-07T19:08:24.706Z,37.8792,42.8144,4.037,4.4,mb,63,73,0.473,0.79,us,us6000jp50,2023-03-16T16:37:59.040Z,"13 km N of Do?anköy, Turkey",earthquake,4.37,2.184,0.092,39,reviewed,us,us
2023-02-07T19:13:49.530Z,38.021,36.9185,13,4.4,mwr,99,41,0.515,0.78,us,us6000jmbj,2023-03-16T16:35:14.040Z,"24 km W of Ekinözü, Turkey",earthquake,1.32,1.847,0.06,27,reviewed,us,us
2023-02-07T19:54:23.826Z,38.5889,39.9722,10,4.6,mwr,127,23,1.424,0.62,us,us6000jmbq,2023-03-16T16:34:35.040Z,"12 km SSE of Palu, Turkey",earthquake,2.81,1.807,0.048,42,reviewed,us,us
2023-02-07T21:14:28.432Z,32.0866,35.2415,10,4.1,mb,11,171,3.281,0.41,us,us6000jmcs,2023-02-19T03:51:12.046Z,"1 km W of As S?wiyah, Palestinian Territory",earthquake,11.71,1.998,0.301,4,reviewed,us,us
2023-02-07T21:21:25.795Z,37.924,37.5023,3.744,5,mb,136,45,0.635,0.64,us,us6000jmc7,2023-03-23T21:34:30.040Z,"6 km SE of Nurhak, Turkey",earthquake,2.5,3.911,0.056,102,reviewed,us,us
2023-02-07T21:58:54.224Z,37.4201,36.9564,12.635,4.1,mb,20,90,0.096,0.73,us,us6000jp4u,2023-02-16T05:14:51.040Z,"18 km S of Kahramanmara?, Turkey",earthquake,3.88,3.357,0.302,3,reviewed,us,us
2023-02-07T22:07:54.879Z,38.0663,36.5541,12.635,4.2,mb,56,45,0.357,0.58,us,us6000jp4v,2023-02-16T05:07:17.040Z,Central Turkey,earthquake,3.17,4.898,0.118,20,reviewed,us,us
2023-02-07T22:45:27.921Z,38.0992,36.5507,6.069,4.2,mb,51,37,0.325,1.21,us,us6000jp4y,2023-02-16T04:17:23.040Z,"9 km NNE of Göksun, Turkey",earthquake,3.51,6.818,0.146,13,reviewed,us,us
2023-02-07T23:13:02.009Z,36.0927,35.8637,10,4.5,mb,95,54,1.527,0.93,us,us6000jmdw,2023-02-22T06:20:49.170Z,"16 km WSW of Uzunba?, Turkey",earthquake,5.53,1.873,0.064,71,reviewed,us,us
